{"cameraMode":{"drawMode":0,"name":"Shaded","section":"Shading Mode"},"sceneLighting":false,"audioPlay":false,"sceneViewState":{"m_AlwaysRefresh":false,"showFog":true,"showSkybox":false,"showFlares":true,"showImageEffects":true,"showParticleSystems":true,"showVisualEffectGraphs":true,"m_FxEnabled":true},"in2DMode":false,"pivot":{"x":-3.796245813369751,"y":1.1083025932312012,"z":0.01729101687669754},"rotation":{"x":-0.14105886220932008,"y":0.2374282032251358,"z":-0.034840263426303866,"w":-0.9605047702789307},"size":1.4299423694610596,"orthographic":false}