{"cameraMode":{"drawMode":0,"name":"Shaded","section":"Shading Mode"},"sceneLighting":false,"audioPlay":false,"sceneViewState":{"m_AlwaysRefresh":false,"showFog":true,"showSkybox":false,"showFlares":true,"showImageEffects":true,"showParticleSystems":true,"showVisualEffectGraphs":true,"m_FxEnabled":true},"in2DMode":false,"pivot":{"x":0.001827239990234375,"y":0.4621155858039856,"z":-0.0018928050994873047},"rotation":{"x":-0.14105886220932008,"y":0.2374282032251358,"z":-0.034840263426303866,"w":-0.9605047702789307},"size":2.1276028156280519,"orthographic":false}