{"cameraMode":{"drawMode":0,"name":"Shaded","section":"Shading Mode"},"sceneLighting":false,"audioPlay":false,"sceneViewState":{"m_AlwaysRefresh":false,"showFog":true,"showSkybox":false,"showFlares":true,"showImageEffects":true,"showParticleSystems":true,"showVisualEffectGraphs":true,"m_FxEnabled":true},"in2DMode":false,"pivot":{"x":0.0012829303741455079,"y":4.046000003814697,"z":-0.021300196647644044},"rotation":{"x":-0.14105886220932008,"y":0.2374282032251358,"z":-0.034840263426303866,"w":-0.9605047702789307},"size":4.177563667297363,"orthographic":false}