{"cameraMode":{"drawMode":0,"name":"Shaded","section":"Shading Mode"},"sceneLighting":false,"audioPlay":false,"sceneViewState":{"m_AlwaysRefresh":false,"showFog":true,"showSkybox":false,"showFlares":true,"showImageEffects":true,"showParticleSystems":true,"showVisualEffectGraphs":true,"m_FxEnabled":true},"in2DMode":false,"pivot":{"x":22.622900009155275,"y":-12.560988426208496,"z":14.461529731750489},"rotation":{"x":0.012606419622898102,"y":0.9842581748962402,"z":-0.1581439971923828,"w":0.07871586084365845},"size":31.44964027404785,"orthographic":false}